<?xml version="1.0" encoding="UTF-8"?>
<text>
	
	<string id="nameInfantryUnit"><![CDATA[Infantry]]></string>
	<string id="nameShortInfantryUnit"><![CDATA[IF]]></string>
	<string id="descInfantryUnit"><![CDATA[An infantry unit.]]></string>
	
	<string id="nameShockTrooperUnit"><![CDATA[Shock Trooper]]></string>
	<string id="nameShortShockTrooperUnit"><![CDATA[ST]]></string>
	<string id="descShockTrooperUnit"><![CDATA[A shock trooper unit.]]></string>
	
	<string id="nameLightTankUnit"><![CDATA[Light Tank]]></string>
	<string id="nameShortLightTankUnit"><![CDATA[LT]]></string>
	<string id="descLightTankUnit"><![CDATA[A light tank unit.]]></string>
	
</text>
