<?xml version="1.0" encoding="UTF-8"?>
<text>
	
	<string id="nameWeaponAssaultRifle"><![CDATA[Assault Rifle]]></string>
	<string id="descWeaponAssaultRifle"><![CDATA[]]></string>
	
	<string id="nameWeaponMachineGun"><![CDATA[Machine Gun]]></string>
	<string id="descWeaponMachineGun"><![CDATA[]]></string>
	
	<string id="nameWeaponFlameThrower"><![CDATA[Flame Thrower]]></string>
	<string id="descWeaponFlameThrower"><![CDATA[]]></string>
	
	<string id="nameWeaponCanon"><![CDATA[Canon]]></string>
	<string id="descWeaponCanon"><![CDATA[]]></string>
	
</text>
