<?xml version="1.0" encoding="UTF-8"?>
<!--
	=====================================================================================
	RESOURCE INDEX FILE
	=====================================================================================
-->
<resources>
	
	<header version="1.0" entries=""/>
	
	<!-- ************************************************************************************** -->
	<packageFiles>
		<file id="resourcePackage" path="resources.pak"/>
	</packageFiles>
	
	<!-- ************************************************************************************** -->
	<dataFiles>
		<file id="settingsFile" path="data/settings.xml" packageID="resourcePackage"/>
		<file id="unitsFile" path="data/units.xml" packageID="resourcePackage"/>
		<file id="weaponsFile" path="data/weapons.xml" packageID="resourcePackage"/>
		<file id="domainTypesFile" path="data/domain_types.xml" packageID="resourcePackage"/>
		<file id="movementTypesFile" path="data/movement_types.xml" packageID="resourcePackage"/>
		<file id="terrainTypesFile" path="data/terrain_types.xml" packageID="resourcePackage"/>
		<file id="weatherTypesFile" path="data/weather_types.xml" packageID="resourcePackage"/>
	</dataFiles>
	
	<!-- ************************************************************************************** -->
	<media>
		<image>
			<transparent>
			</transparent>
			<opaque>
			</opaque>
		</image>
		
		<swf>
		</swf>
		
		<shader>
		</shader>
		
		<audio>
			<stream>
				<resource id="audioLogoTetragon" path="audio/ui/tetragon_logo.mp3" packageID="resourcePackage"/>
			</stream>
			<module>
			</module>
		</audio>
		
		<binary>
		</binary>
	</media>
	
	<!-- ************************************************************************************** -->
	<entities>
		
		<group type="TBSUnit" fileID="unitsFile">
			<resource id="unitInfantry"/>
		</group>
		
		<group type="TBSWeapon" fileID="weaponsFile">
			<resource id="weaponMachineGun"/>
		</group>
		
	</entities>
	
	<!-- ************************************************************************************** -->
	<lists>
		
		<group type="TBSDomainType" fileID="domainTypesFile">
			<resource id="domainTypes"/>
		</group>
		
		<group type="TBSMovementType" fileID="movementTypesFile">
			<resource id="movementTypes"/>
		</group>
		
		<group type="TBSTerrainType" fileID="terrainTypesFile">
			<resource id="terrainTypes"/>
		</group>
		
		<group type="TBSWeatherType" fileID="weatherTypesFile">
			<resource id="weatherTypes"/>
		</group>
		
	</lists>
	
	<!-- ************************************************************************************** -->
	<data>
		
		<group type="Settings" fileID="settingsFile">
			<resource id="settings"/>
		</group>
		
		
	</data>
	
	<!-- ************************************************************************************** -->
	<xml>
	</xml>
	
	<!-- ************************************************************************************** -->
	<text>
		<resource id="textLists">
			<locale lang="en" path="text/en/lists_text.xml" packageID="resourcePackage"/>
		</resource>
		<resource id="textUnits">
			<locale lang="en" path="text/en/units_text.xml" packageID="resourcePackage"/>
		</resource>
	</text>
	
</resources>
