<?xml version="1.0" encoding="UTF-8"?>
<!--
	=====================================================================================
	RESOURCE INDEX FILE
	=====================================================================================
-->
<resources>
	
	<header version="1.0" entries=""/>
	
	<!-- ************************************************************************************** -->
	<packageFiles>
		<file id="resourcePackage" path="resources.pak"/>
	</packageFiles>
	
	<!-- ************************************************************************************** -->
	<dataFiles>
		<file id="settingsFile" path="data/settings.xml" packageID="resourcePackage"/>
		<file id="unitsFile" path="data/units.xml" packageID="resourcePackage"/>
		<file id="weaponsFile" path="data/weapons.xml" packageID="resourcePackage"/>
		<file id="movementTypesFile" path="data/movement_types.xml" packageID="resourcePackage"/>
		<file id="terrainTypesFile" path="data/terrain_types.xml" packageID="resourcePackage"/>
		<file id="weatherTypesFile" path="data/weather_types.xml" packageID="resourcePackage"/>
	</dataFiles>
	
	<!-- ************************************************************************************** -->
	<media>
		<image>
			<transparent>
			</transparent>
			<opaque>
			</opaque>
		</image>
		
		<swf>
		</swf>
		
		<shader>
		</shader>
		
		<audio>
			<stream>
				<resource id="audioLogoTetragon" path="audio/ui/tetragon_logo.mp3" packageID="resourcePackage"/>
			</stream>
			<module>
			</module>
		</audio>
		
		<binary>
		</binary>
	</media>
	
	<!-- ************************************************************************************** -->
	<entities>
		
		<group type="TBSUnit" fileID="unitsFile">
			<resource id="unitInfantry"/>
		</group>
		
		<group type="TBSWeapon" fileID="weaponsFile">
			<resource id="weaponMachineGun"/>
		</group>
		
	</entities>
	
	<!-- ************************************************************************************** -->
	<data>
		
		<group type="Settings">
			<resource id="settings" fileID="settingsFile"/>
		</group>
		
		<group type="TBSMovementType" fileID="movementTypesFile">
			<resource id="movementTypeInfantry"/>
			<resource id="movementTypeTires"/>
			<resource id="movementTypeTread"/>
			<resource id="movementTypeSea"/>
			<resource id="movementTypeHover"/>
			<resource id="movementTypeAir"/>
		</group>
		
		<group type="TBSTerrainType" fileID="terrainTypesFile">
			<resource id="terrainGrassland"/>
			<resource id="terrainPlains"/>
			<resource id="terrainTundra"/>
			<resource id="terrainDesert"/>
			<resource id="terrainHills"/>
			<resource id="terrainMountains"/>
			<resource id="terrainSnow"/>
			<resource id="terrainIce"/>
			<resource id="terrainForest"/>
			<resource id="terrainJungle"/>
			<resource id="terrainMarsh"/>
			<resource id="terrainSwamp"/>
			<resource id="terrainUrban"/>
			<resource id="terrainRuins"/>
			<resource id="terrainRoad"/>
			<resource id="terrainBridge"/>
			<resource id="terrainCoast"/>
			<resource id="terrainSeaShallow"/>
			<resource id="terrainSeaDeep"/>
			<resource id="terrainRoughSea"/>
			<resource id="terrainReef"/>
		</group>
		
		<group type="TBSWeatherType" fileID="weatherTypesFile">
			<resource id="weatherFair"/>
			<resource id="weatherOvercast"/>
			<resource id="weatherRain"/>
			<resource id="weatherHeavyRain"/>
			<resource id="weatherHail"/>
			<resource id="weatherSnow"/>
			<resource id="weatherBlizzard"/>
			<resource id="weatherFog"/>
			<resource id="weatherThunderstorm"/>
			<resource id="weatherSandstorm"/>
			<resource id="weatherHeatWave"/>
			<resource id="weatherFallout"/>
		</group>
		
	</data>
	
	<!-- ************************************************************************************** -->
	<xml>
	</xml>
	
	<!-- ************************************************************************************** -->
	<text>
		<resource id="textUI">
			<locale lang="en" path="text/en/ui_text.xml" packageID="resourcePackage"/>
		</resource>
	</text>
	
</resources>
