<?xml version="1.0" encoding="UTF-8"?>
<cells>

	<cell id="cellOutside" type="e" mapID="mapOutside" bgAudioID="" musicGroupID="" waterID="">
		<name><![CDATA[Wildernis]]></name>
		<ownership actorID="" factionID="" factionRank=""/>
	</cell>
	
	<cell id="cellChurch1" type="i" mapID="mapChurchRoom1" bgAudioID="" musicGroupID="" waterID="">
		<name><![CDATA[Church Lobby]]></name>
		<ownership actorID="" factionID="" factionRank=""/>
	</cell>
	<cell id="cellChurch2" type="i" mapID="mapChurchRoom2" bgAudioID="" musicGroupID="" waterID="">
		<name><![CDATA[Altar Room 1]]></name>
		<ownership actorID="" factionID="" factionRank=""/>
	</cell>
	<cell id="cellChurch3" type="i" mapID="mapChurchRoom3" bgAudioID="" musicGroupID="" waterID="">
		<name><![CDATA[Church Altar Room 2]]></name>
		<ownership actorID="" factionID="" factionRank=""/>
	</cell>
	<cell id="cellChurch4" type="i" mapID="mapChurchRoom4" bgAudioID="" musicGroupID="" waterID="">
		<name><![CDATA[Organ Room]]></name>
		<ownership actorID="" factionID="" factionRank=""/>
	</cell>
	
	<cell id="cellHouse1" type="i" mapID="mapHouseRoom1" bgAudioID="" musicGroupID="" waterID="">
		<name><![CDATA[Entrance]]></name>
		<ownership actorID="" factionID="" factionRank=""/>
	</cell>
	<cell id="cellHouse2" type="i" mapID="mapHouseRoom2" bgAudioID="" musicGroupID="" waterID="">
		<name><![CDATA[Living Room]]></name>
		<ownership actorID="" factionID="" factionRank=""/>
	</cell>
	<cell id="cellHouse3" type="i" mapID="mapHouseRoom3" bgAudioID="" musicGroupID="" waterID="">
		<name><![CDATA[Library]]></name>
		<ownership actorID="" factionID="" factionRank=""/>
	</cell>
	<cell id="cellHouse4" type="i" mapID="mapHouseRoom4" bgAudioID="" musicGroupID="" waterID="">
		<name><![CDATA[Bath Room]]></name>
		<ownership actorID="" factionID="" factionRank=""/>
	</cell>
	<cell id="cellHouse5" type="i" mapID="mapHouseRoom5" bgAudioID="" musicGroupID="" waterID="">
		<name><![CDATA[Bed Room]]></name>
		<ownership actorID="" factionID="" factionRank=""/>
	</cell>
	<cell id="cellHouse6" type="i" mapID="mapHouseRoom6" bgAudioID="" musicGroupID="" waterID="">
		<name><![CDATA[Kitchen]]></name>
		<ownership actorID="" factionID="" factionRank=""/>
	</cell>
	<cell id="cellHouse7" type="i" mapID="mapHouseRoom7" bgAudioID="" musicGroupID="" waterID="">
		<name><![CDATA[Girls Room]]></name>
		<ownership actorID="" factionID="" factionRank=""/>
	</cell>
	<cell id="cellHouse8" type="i" mapID="mapHouseRoom8" bgAudioID="" musicGroupID="" waterID="">
		<name><![CDATA[Girls Bath Room]]></name>
		<ownership actorID="" factionID="" factionRank=""/>
	</cell>
	<cell id="cellHouse9" type="i" mapID="mapHouseRoom9" bgAudioID="" musicGroupID="" waterID="">
		<name><![CDATA[Boys Room]]></name>
		<ownership actorID="" factionID="" factionRank=""/>
	</cell>
	<cell id="cellHouse10" type="i" mapID="mapHouseRoom10" bgAudioID="" musicGroupID="" waterID="">
		<name><![CDATA[Lodge Room]]></name>
		<ownership actorID="" factionID="" factionRank=""/>
	</cell>
	<cell id="cellHouse11" type="i" mapID="mapHouseRoom11" bgAudioID="" musicGroupID="" waterID="">
		<name><![CDATA[Lodge Room 2]]></name>
		<ownership actorID="" factionID="" factionRank=""/>
	</cell>
	<cell id="cellHouse12" type="i" mapID="mapHouseRoom12" bgAudioID="" musicGroupID="" waterID="">
		<name><![CDATA[TV Room]]></name>
		<ownership actorID="" factionID="" factionRank=""/>
	</cell>
	
	<cell id="cellBarn1" type="i" mapID="mapBarnRoom1" bgAudioID="" musicGroupID="" waterID="">
		<name><![CDATA[Barn Entrance]]></name>
		<ownership actorID="" factionID="" factionRank=""/>
	</cell>
	<cell id="cellBarn2" type="i" mapID="mapBarnRoom2" bgAudioID="" musicGroupID="" waterID="">
		<name><![CDATA[Haymow]]></name>
		<ownership actorID="" factionID="" factionRank=""/>
	</cell>
	<cell id="cellBarn3" type="i" mapID="mapBarnRoom3" bgAudioID="" musicGroupID="" waterID="">
		<name><![CDATA[Store Room]]></name>
		<ownership actorID="" factionID="" factionRank=""/>
	</cell>
	<cell id="cellBarn4" type="i" mapID="mapBarnRoom4" bgAudioID="" musicGroupID="" waterID="">
		<name><![CDATA[Stables]]></name>
		<ownership actorID="" factionID="" factionRank=""/>
	</cell>

</cells>
