<?xml version="1.0" encoding="UTF-8"?>
<data>
	
	<list id="domainTypes">
		
		<item id="domainGround">
			<properties>
				<nameID>textLists/nameDomainGround</nameID>
			</properties>
		</item>
		
		<item id="domainSea">
			<properties>
				<nameID>textLists/nameDomainSea</nameID>
			</properties>
		</item>
		
		<item id="domainGroundSea">
			<properties>
				<nameID>textLists/nameDomainGroundSea</nameID>
			</properties>
		</item>
		
		<item id="domainAir">
			<properties>
				<nameID>textLists/nameDomainAir</nameID>
			</properties>
		</item>
		
	</list>
	
</data>
