<?xml version="1.0" encoding="UTF-8"?>
<data>
	
	<list id="movementTypes">
		
		<!-- INFANTRY ===================================================================== -->
		<item id="movementTypeInfantry">
			<properties>
				<nameID>textLists/nameMovementTypeInfantry</nameID>
				<domainID>domainTypes/domainGround</domainID>
			</properties>
			<sets>
				<terrainModifiers>
					<terrainGrassland>0</terrainGrassland>
					<terrainPlains>0</terrainPlains>
					<terrainTundra>0</terrainTundra>
					<terrainDesert>0</terrainDesert>
					<terrainHills>0</terrainHills>
					<terrainMountains>-3</terrainMountains>
					<terrainSnow>-1</terrainSnow>
					<terrainIce>-1</terrainIce>
					<terrainForest>-1</terrainForest>
					<terrainJungle>-1</terrainJungle>
					<terrainMarsh>-1</terrainMarsh>
					<terrainSwamp>-2</terrainSwamp>
					<terrainUrban>0</terrainUrban>
					<terrainRuins>0</terrainRuins>
					<terrainRoad>0</terrainRoad>
					<terrainBridge>0</terrainBridge>
				</terrainModifiers>
				<weatherModifiers>
					<weatherFair>0</weatherFair>
					<weatherOvercast>0</weatherOvercast>
					<weatherRain>0</weatherRain>
					<weatherHeavyRain>-1</weatherHeavyRain>
					<weatherHail>-1</weatherHail>
					<weatherSnow>0</weatherSnow>
					<weatherBlizzard>-3</weatherBlizzard>
					<weatherFog>0</weatherFog>
					<weatherThunderstorm>0</weatherThunderstorm>
					<weatherSandstorm>-3</weatherSandstorm>
					<weatherHeatWave>0</weatherHeatWave>
					<weatherFallout>-3</weatherFallout>
				</weatherModifiers>
			</sets>
		</item>
		
		<!-- TIRES ======================================================================== -->
		<item id="movementTypeTires">
			<properties>
				<nameID>textLists/nameMovementTypeTires</nameID>
				<domainID>domainTypes/domainGround</domainID>
			</properties>
			<sets>
				<terrainModifiers>
					<terrainGrassland>0</terrainGrassland>
					<terrainPlains>0</terrainPlains>
					<terrainTundra>0</terrainTundra>
					<terrainDesert>0</terrainDesert>
					<terrainHills>-1</terrainHills>
					<terrainMountains>-10</terrainMountains>
					<terrainSnow>0</terrainSnow>
					<terrainIce>-2</terrainIce>
					<terrainForest>-2</terrainForest>
					<terrainJungle>-3</terrainJungle>
					<terrainMarsh>-2</terrainMarsh>
					<terrainSwamp>-3</terrainSwamp>
					<terrainUrban>1</terrainUrban>
					<terrainRuins>-1</terrainRuins>
					<terrainRoad>2</terrainRoad>
					<terrainBridge>2</terrainBridge>
				</terrainModifiers>
				<weatherModifiers>
					<weatherFair>0</weatherFair>
					<weatherOvercast>0</weatherOvercast>
					<weatherRain>0</weatherRain>
					<weatherHeavyRain>0</weatherHeavyRain>
					<weatherHail>0</weatherHail>
					<weatherSnow>-1</weatherSnow>
					<weatherBlizzard>-2</weatherBlizzard>
					<weatherFog>0</weatherFog>
					<weatherThunderstorm>0</weatherThunderstorm>
					<weatherSandstorm>-2</weatherSandstorm>
					<weatherHeatWave>0</weatherHeatWave>
					<weatherFallout>-2</weatherFallout>
				</weatherModifiers>
			</sets>
		</item>
		
		<!-- TREAD ======================================================================== -->
		<item id="movementTypeTread">
			<properties>
				<nameID>textLists/nameMovementTypeTread</nameID>
				<domainID>domainTypes/domainGround</domainID>
			</properties>
			<sets>
				<terrainModifiers>
					<terrainGrassland>1</terrainGrassland>
					<terrainPlains>1</terrainPlains>
					<terrainTundra>1</terrainTundra>
					<terrainDesert>0</terrainDesert>
					<terrainHills>0</terrainHills>
					<terrainMountains>-8</terrainMountains>
					<terrainSnow>0</terrainSnow>
					<terrainIce>0</terrainIce>
					<terrainForest>-1</terrainForest>
					<terrainJungle>-2</terrainJungle>
					<terrainMarsh>-1</terrainMarsh>
					<terrainSwamp>-2</terrainSwamp>
					<terrainUrban>1</terrainUrban>
					<terrainRuins>0</terrainRuins>
					<terrainRoad>2</terrainRoad>
					<terrainBridge>2</terrainBridge>
				</terrainModifiers>
				<weatherModifiers>
					<weatherFair>0</weatherFair>
					<weatherOvercast>0</weatherOvercast>
					<weatherRain>0</weatherRain>
					<weatherHeavyRain>0</weatherHeavyRain>
					<weatherHail>0</weatherHail>
					<weatherSnow>0</weatherSnow>
					<weatherBlizzard>0</weatherBlizzard>
					<weatherFog>0</weatherFog>
					<weatherThunderstorm>0</weatherThunderstorm>
					<weatherSandstorm>0</weatherSandstorm>
					<weatherHeatWave>0</weatherHeatWave>
					<weatherFallout>-1</weatherFallout>
				</weatherModifiers>
			</sets>
		</item>
		
		<!-- SEA ========================================================================== -->
		<item id="movementTypeSea">
			<properties>
				<nameID>textLists/nameMovementTypeSea</nameID>
				<domainID>domainTypes/domainSea</domainID>
			</properties>
			<sets>
				<terrainModifiers>
					<terrainBridge>0</terrainBridge>
					<terrainCoast>0</terrainCoast>
					<terrainSeaShallow>0</terrainSeaShallow>
					<terrainSeaDeep>0</terrainSeaDeep>
					<terrainSeaRough>-1</terrainSeaRough>
					<terrainReef>0</terrainReef>
				</terrainModifiers>
				<weatherModifiers>
					<weatherFair>0</weatherFair>
					<weatherOvercast>0</weatherOvercast>
					<weatherRain>0</weatherRain>
					<weatherHeavyRain>0</weatherHeavyRain>
					<weatherHail>0</weatherHail>
					<weatherSnow>0</weatherSnow>
					<weatherBlizzard>-1</weatherBlizzard>
					<weatherFog>0</weatherFog>
					<weatherThunderstorm>0</weatherThunderstorm>
					<weatherSandstorm>0</weatherSandstorm>
					<weatherHeatWave>0</weatherHeatWave>
					<weatherFallout>-1</weatherFallout>
				</weatherModifiers>
			</sets>
		</item>
		
		<!-- HOVER ======================================================================== -->
		<item id="movementTypeHover">
			<properties>
				<nameID>textLists/nameMovementTypeHover</nameID>
				<domainID>domainTypes/domainGroundSea</domainID>
			</properties>
			<sets>
				<terrainModifiers>
					<terrainGrassland>0</terrainGrassland>
					<terrainPlains>0</terrainPlains>
					<terrainTundra>0</terrainTundra>
					<terrainDesert>0</terrainDesert>
					<terrainHills>-1</terrainHills>
					<terrainMountains>-10</terrainMountains>
					<terrainSnow>0</terrainSnow>
					<terrainIce>0</terrainIce>
					<terrainForest>-2</terrainForest>
					<terrainJungle>-3</terrainJungle>
					<terrainMarsh>1</terrainMarsh>
					<terrainSwamp>1</terrainSwamp>
					<terrainUrban>0</terrainUrban>
					<terrainRuins>-1</terrainRuins>
					<terrainRoad>0</terrainRoad>
					<terrainBridge>0</terrainBridge>
					<terrainCoast>0</terrainCoast>
					<terrainSeaShallow>0</terrainSeaShallow>
					<terrainSeaDeep>0</terrainSeaDeep>
					<terrainSeaRough>-2</terrainSeaRough>
					<terrainReef>0</terrainReef>
				</terrainModifiers>
				<weatherModifiers>
					<weatherFair>0</weatherFair>
					<weatherOvercast>0</weatherOvercast>
					<weatherRain>0</weatherRain>
					<weatherHeavyRain>0</weatherHeavyRain>
					<weatherHail>0</weatherHail>
					<weatherSnow>0</weatherSnow>
					<weatherBlizzard>-1</weatherBlizzard>
					<weatherFog>0</weatherFog>
					<weatherThunderstorm>0</weatherThunderstorm>
					<weatherSandstorm>-2</weatherSandstorm>
					<weatherHeatWave>0</weatherHeatWave>
					<weatherFallout>-2</weatherFallout>
				</weatherModifiers>
			</sets>
		</item>
		
		<!-- AIR ========================================================================== -->
		<item id="movementTypeAir">
			<properties>
				<nameID>textLists/nameMovementTypeAir</nameID>
				<domainID>domainTypes/domainAir</domainID>
			</properties>
			<sets>
				<terrainModifiers>
					<terrainGrassland>0</terrainGrassland>
					<terrainPlains>0</terrainPlains>
					<terrainTundra>0</terrainTundra>
					<terrainDesert>0</terrainDesert>
					<terrainHills>0</terrainHills>
					<terrainMountains>0</terrainMountains>
					<terrainSnow>0</terrainSnow>
					<terrainIce>0</terrainIce>
					<terrainForest>0</terrainForest>
					<terrainJungle>0</terrainJungle>
					<terrainMarsh>0</terrainMarsh>
					<terrainSwamp>0</terrainSwamp>
					<terrainUrban>0</terrainUrban>
					<terrainRuins>0</terrainRuins>
					<terrainRoad>0</terrainRoad>
					<terrainBridge>0</terrainBridge>
					<terrainCoast>0</terrainCoast>
					<terrainSeaShallow>0</terrainSeaShallow>
					<terrainSeaDeep>0</terrainSeaDeep>
					<terrainSeaRough>0</terrainSeaRough>
					<terrainReef>0</terrainReef>
				</terrainModifiers>
				<weatherModifiers>
					<weatherFair>0</weatherFair>
					<weatherOvercast>0</weatherOvercast>
					<weatherRain>0</weatherRain>
					<weatherHeavyRain>-1</weatherHeavyRain>
					<weatherHail>-1</weatherHail>
					<weatherSnow>-1</weatherSnow>
					<weatherBlizzard>-2</weatherBlizzard>
					<weatherFog>0</weatherFog>
					<weatherThunderstorm>-1</weatherThunderstorm>
					<weatherSandstorm>-1</weatherSandstorm>
					<weatherHeatWave>0</weatherHeatWave>
					<weatherFallout>-1</weatherFallout>
				</weatherModifiers>
			</sets>
		</item>
		
	</list>
	
</data>
