<?xml version="1.0" encoding="UTF-8"?>
<data>
	
	<list id="listTerrainTypes" dataType="terrainType">
		
		<item id="terrainGrassland">
			<properties>
				<nameID>nameTerrainGrassland</nameID>
				<descriptionID>descTerrainGrassland</descriptionID>
				<movementCost>1</movementCost>
				<combatModifier>-20</combatModifier>
			</properties>
		</item>
		
		<item id="terrainGrassland">
			<properties>
				<property name="name" ref="text">nameTerrainGrassland</property>
				<property name="description" ref="text">descTerrainGrassland</property>
				<property name="movementCost">1</property>
				<property name="combatModifier">-20</property>
			</properties>
		</item>
		
		<item id="terrainPlains">
			<textRefs>
				<nameID>nameTerrainPlains</nameID>
				<descriptionID>descTerrainPlains</descriptionID>
			</textRefs>
			<dataRefs/>
			<properties>
				<property name="movementCost">1</property>
				<property name="combatModifier">-25</property>
			</properties>
		</item>
		
		<item id="terrainTundra">
			<textRefs>
				<nameID>nameTerrainTundra</nameID>
				<descriptionID>descTerrainTundra</descriptionID>
			</textRefs>
			<dataRefs/>
			<properties>
				<property name="movementCost">1</property>
				<property name="combatModifier">-25</property>
			</properties>
		</item>
		
		<item id="terrainDesert">
			<textRefs>
				<nameID>nameTerrainDesert</nameID>
				<descriptionID>descTerrainDesert</descriptionID>
			</textRefs>
			<dataRefs/>
			<properties>
				<property name="movementCost">1</property>
				<property name="combatModifier">-33</property>
			</properties>
		</item>
		
		<item id="terrainHills">
			<textRefs>
				<nameID>nameTerrainHills</nameID>
				<descriptionID>descTerrainHills</descriptionID>
			</textRefs>
			<dataRefs/>
			<properties>
				<property name="movementCost">2</property>
				<property name="combatModifier">20</property>
			</properties>
		</item>
		
	</list>
	
	<terrainType
		id="terrainMountains"
		nameID="nameTerrainMountains"
		descriptionID="descTerrainMountains"
		movementCost="4"
		combatModifier="25"
	/>
	<terrainType
		id="terrainSnow"
		nameID="nameTerrainSnow"
		descriptionID="descTerrainSnow"
		movementCost="1"
		combatModifier="-20"
	/>
	<terrainType
		id="terrainIce"
		nameID="nameTerrainIce"
		descriptionID="descTerrainIce"
		movementCost="2"
		combatModifier="-25"
	/>
	<terrainType
		id="terrainForest"
		nameID="nameTerrainForest"
		descriptionID="descTerrainForest"
		movementCost="2"
		combatModifier="25"
	/>
	<terrainType
		id="terrainJungle"
		nameID="nameTerrainJungle"
		descriptionID="descTerrainJungle"
		movementCost="3"
		combatModifier="25"
	/>
	<terrainType
		id="terrainMarsh"
		nameID="nameTerrainMarsh"
		descriptionID="descTerrainMarsh"
		movementCost="2"
		combatModifier="-20"
	/>
	<terrainType
		id="terrainSwamp"
		nameID="nameTerrainSwamp"
		descriptionID="descTerrainSwamp"
		movementCost="3"
		combatModifier="-20"
	/>
	<terrainType
		id="terrainUrban"
		nameID="nameTerrainUrban"
		descriptionID="descTerrainUrban"
		movementCost="1"
		combatModifier="33"
	/>
	<terrainType
		id="terrainRuins"
		nameID="nameTerrainRuins"
		descriptionID="descTerrainRuins"
		movementCost="2"
		combatModifier="25"
	/>
	<terrainType
		id="terrainRoad"
		nameID="nameTerrainRoad"
		descriptionID="descTerrainRoad"
		movementCost="1"
		combatModifier="-25"
	/>
	<terrainType
		id="terrainBridge"
		nameID="nameTerrainBridge"
		descriptionID="descTerrainBridge"
		movementCost="1"
		combatModifier="-33"
	/>
	<terrainType
		id="terrainCoast"
		nameID="nameTerrainCoast"
		descriptionID="descTerrainCoast"
		movementCost="1"
		combatModifier="0"
	/>
	<terrainType
		id="terrainSeaShallow"
		nameID="nameTerrainSeaShallow"
		descriptionID="descTerrainSeaShallow"
		movementCost="1"
		combatModifier="0"
	/>
	<terrainType
		id="terrainSeaDeep"
		nameID="nameTerrainSeaDeep"
		descriptionID="descTerrainSeaDeep"
		movementCost="1"
		combatModifier="0"
	/>
	<terrainType
		id="terrainRoughSea"
		nameID="nameTerrainRoughSea"
		descriptionID="descTerrainRoughSea"
		movementCost="2"
		combatModifier="15"
	/>
	<terrainType
		id="terrainReef"
		nameID="nameTerrainReef"
		descriptionID="descTerrainReef"
		movementCost="2"
		combatModifier="20"
	/>
	
</data>
