<?xml version="1.0" encoding="UTF-8"?>
<data>
	
	<list id="terrainTypes">
		
		<item id="terrainGrassland">
			<properties>
				<nameID>textLists/nameTerrainGrassland</nameID>
				<descriptionID>textLists/descTerrainGrassland</descriptionID>
				<movementCost>1</movementCost>
				<combatModifier>-20</combatModifier>
			</properties>
		</item>
		
		<item id="terrainPlains">
			<properties>
				<nameID>textLists/nameTerrainPlains</nameID>
				<descriptionID>textLists/descTerrainPlains</descriptionID>
				<movementCost>1</movementCost>
				<combatModifier>-25</combatModifier>
			</properties>
		</item>
		
		<item id="terrainTundra">
			<properties>
				<nameID>textLists/nameTerrainTundra</nameID>
				<descriptionID>textLists/descTerrainTundra</descriptionID>
				<movementCost>1</movementCost>
				<combatModifier>-25</combatModifier>
			</properties>
		</item>
		
		<item id="terrainDesert">
			<properties>
				<nameID>textLists/nameTerrainDesert</nameID>
				<descriptionID>textLists/descTerrainDesert</descriptionID>
				<movementCost>1</movementCost>
				<combatModifier>-33</combatModifier>
			</properties>
		</item>
		
		<item id="terrainHills">
			<properties>
				<nameID>textLists/nameTerrainHills</nameID>
				<descriptionID>textLists/descTerrainHills</descriptionID>
				<movementCost>2</movementCost>
				<combatModifier>20</combatModifier>
			</properties>
		</item>
	
		<item id="terrainMountains">
			<properties>
				<nameID>textLists/nameTerrainMountains</nameID>
				<descriptionID>textLists/descTerrainMountains</descriptionID>
				<movementCost>4</movementCost>
				<combatModifier>25</combatModifier>
			</properties>
		</item>
		
		<item id="terrainSnow">
			<properties>
				<nameID>textLists/nameTerrainSnow</nameID>
				<descriptionID>textLists/descTerrainSnow</descriptionID>
				<movementCost>1</movementCost>
				<combatModifier>-20</combatModifier>
			</properties>
		</item>
		
		<item id="terrainIce">
			<properties>
				<nameID>textLists/nameTerrainIce</nameID>
				<descriptionID>textLists/descTerrainIce</descriptionID>
				<movementCost>2</movementCost>
				<combatModifier>-25</combatModifier>
			</properties>
		</item>
		
		<item id="terrainForest">
			<properties>
				<nameID>textLists/nameTerrainForest</nameID>
				<descriptionID>textLists/descTerrainForest</descriptionID>
				<movementCost>2</movementCost>
				<combatModifier>25</combatModifier>
			</properties>
		</item>
		
		<item id="terrainJungle">
			<properties>
				<nameID>textLists/nameTerrainJungle</nameID>
				<descriptionID>textLists/descTerrainJungle</descriptionID>
				<movementCost>3</movementCost>
				<combatModifier>25</combatModifier>
			</properties>
		</item>
		
		<item id="terrainMarsh">
			<properties>
				<nameID>textLists/nameTerrainMarsh</nameID>
				<descriptionID>textLists/descTerrainMarsh</descriptionID>
				<movementCost>2</movementCost>
				<combatModifier>-20</combatModifier>
			</properties>
		</item>
		
		<item id="terrainSwamp">
			<properties>
				<nameID>textLists/nameTerrainSwamp</nameID>
				<descriptionID>textLists/descTerrainSwamp</descriptionID>
				<movementCost>3</movementCost>
				<combatModifier>-20</combatModifier>
			</properties>
		</item>
		
		<item id="terrainUrban">
			<properties>
				<nameID>textLists/nameTerrainUrban</nameID>
				<descriptionID>textLists/descTerrainUrban</descriptionID>
				<movementCost>1</movementCost>
				<combatModifier>33</combatModifier>
			</properties>
		</item>
		
		<item id="terrainRuins">
			<properties>
				<nameID>textLists/nameTerrainRuins</nameID>
				<descriptionID>textLists/descTerrainRuins</descriptionID>
				<movementCost>2</movementCost>
				<combatModifier>25</combatModifier>
			</properties>
		</item>
		
		<item id="terrainRoad">
			<properties>
				<nameID>textLists/nameTerrainRoad</nameID>
				<descriptionID>textLists/descTerrainRoad</descriptionID>
				<movementCost>1</movementCost>
				<combatModifier>-25</combatModifier>
			</properties>
		</item>
		
		<item id="terrainBridge">
			<properties>
				<nameID>textLists/nameTerrainBridge</nameID>
				<descriptionID>textLists/descTerrainBridge</descriptionID>
				<movementCost>1</movementCost>
				<combatModifier>-33</combatModifier>
			</properties>
		</item>
		
		<item id="terrainCoast">
			<properties>
				<nameID>textLists/nameTerrainCoast</nameID>
				<descriptionID>textLists/descTerrainCoast</descriptionID>
				<movementCost>1</movementCost>
				<combatModifier>0</combatModifier>
			</properties>
		</item>
		
		<item id="terrainSeaShallow">
			<properties>
				<nameID>textLists/nameTerrainSeaShallow</nameID>
				<descriptionID>textLists/descTerrainSeaShallow</descriptionID>
				<movementCost>1</movementCost>
				<combatModifier>0</combatModifier>
			</properties>
		</item>
		
		<item id="terrainSeaDeep">
			<properties>
				<nameID>textLists/nameTerrainSeaDeep</nameID>
				<descriptionID>textLists/descTerrainSeaDeep</descriptionID>
				<movementCost>1</movementCost>
				<combatModifier>0</combatModifier>
			</properties>
		</item>
		
		<item id="terrainSeaRough">
			<properties>
				<nameID>textLists/nameTerrainSeaRough</nameID>
				<descriptionID>textLists/descTerrainSeaRough</descriptionID>
				<movementCost>2</movementCost>
				<combatModifier>15</combatModifier>
			</properties>
		</item>
		
		<item id="terrainReef">
			<properties>
				<nameID>textLists/nameTerrainReef</nameID>
				<descriptionID>textLists/descTerrainReef</descriptionID>
				<movementCost>2</movementCost>
				<combatModifier>20</combatModifier>
			</properties>
		</item>
	
	</list>
	
</data>
