<?xml version="1.0" encoding="UTF-8"?>
<data>
	
	<item id="unitInfantry">
		<components>
			
			<component classID="tbsUnitPropertiesComponent">
				<nameTID></nameTID>
				<nameShortTID></nameShortTID>
				<designationTID>textUnits/nameInfantryUnit</designationTID>
				<designationShortTID>textUnits/nameShortInfantryUnit</designationShortTID>
				<descriptionTID>textUnits/descInfantryUnit</descriptionTID>
				<movementTypeLID>movementTypes/movementTypeInfantry</movementTypeLID>
				<price>1000</price>
			</component>
			
			<component classID="tbsUnitStatsComponent">
				<movementPoints>2</movementPoints>
				<mobility>3</mobility>
				<vision>2</vision>
				<strength>6</strength>
				<fuel>-1</fuel>
				<xp>0</xp>
				<xpValueAttack>3</xpValueAttack>
				<xpValueDefense>3</xpValueDefense>
			</component>
			
			<component classID="TBSUnitWeapons">
				<primaryWeaponDID></primaryWeaponDID>
				<secondaryWeaponDID>weaponMachineGun</secondaryWeaponDID>
			</component>
			
			<component classID="TBSUnitArmor">
				<armorDID>armorInfantry</armorDID>
			</component>
			
			<component classID="TBSUnitAbilities">
			</component>
			
			<component classID="TBSUnitAI">
				<combatAIDID>aiInfantry</combatAIDID>
			</component>
			
			<component classID="TBSPrerequisites">
				<technologyDID>testTechnology</technologyDID>
				<resourceDID>testResource</resourceDID>
			</component>
			
			<component classID="TBSUnitFlags">
				<canCaptureUnits>true</canCaptureUnits>
				<canCaptureFacilities>true</canCaptureFacilities>
				<canPillage>true</canPillage>
				<canFortify>true</canFortify>
				<canRebase>false</canRebase>
			</component>
			
			<component classID="TBSUnitArt">
			</component>
			
		</components>
	</item>
	
</data>
