<?xml version="1.0" encoding="UTF-8"?>
<data>
	
	<item id="weaponAssaultRifle">
		<components>
			<component classID="tbsWeaponProperties">
				<nameID>textWeapons/nameWeaponAssaultRifle</nameID>
				<descriptionID>textWeapons/descWeaponAssaultRifle</descriptionID>
				<weaponTypeID></weaponTypeID>
				<minRange>1</minRange>
				<maxRange>1</maxRange>
				<ammo>-1</ammo>
			</component>
		</components>
	</item>
	
	<item id="weaponMachineGun">
		<components>
			<component classID="tbsWeaponProperties">
				<nameID>textWeapons/nameWeaponMachineGun</nameID>
				<descriptionID>textWeapons/descWeaponMachineGun</descriptionID>
				<weaponTypeID></weaponTypeID>
				<minRange>1</minRange>
				<maxRange>1</maxRange>
				<ammo>-1</ammo>
			</component>
		</components>
	</item>
	
	<item id="weaponFlameThrower">
		<components>
			<component classID="tbsWeaponProperties">
				<nameID>textWeapons/nameWeaponFlameThrower</nameID>
				<descriptionID>textWeapons/descWeaponFlameThrower</descriptionID>
				<weaponTypeID></weaponTypeID>
				<minRange>1</minRange>
				<maxRange>1</maxRange>
				<ammo>-1</ammo>
			</component>
		</components>
	</item>
	
	<item id="weaponCanon">
		<components>
			<component classID="tbsWeaponProperties">
				<nameID>textWeapons/nameWeaponCanon</nameID>
				<descriptionID>textWeapons/descWeaponCanon</descriptionID>
				<weaponTypeID></weaponTypeID>
				<minRange>1</minRange>
				<maxRange>1</maxRange>
				<ammo>-1</ammo>
			</component>
		</components>
	</item>
	
</data>
