<?xml version="1.0" encoding="UTF-8"?>
<!--
	=====================================================================================
	DECADENCE TILESETS FILE
	Defines one or more tilesets for use with the Decadence tile scrolling engine.
	=====================================================================================
	id						The unique resource ID of the tileset.
	tileWidth				The width of a tile used in the tileset.
	tileHeight				The height of a tile used in the tileset.
	startTile				Can be used to determine at which tile on the associated
							tile image this tileset starts counting from. This can be
							used for tilesets that share the same image for their tiles.
	tileGap					Can be used to determine a gap between tiles on the
							tileset source image.
	transparent				Determines if the tileset bitmap is transparent. This is
							used when using a transparent PNG image for the tileset.
	bgColor					The background color of the tileset (TODO: Needs explanation!)
	imageID					ID of the image resource which contains the tiles.
	=====================================================================================
	propertyDefinitions		Defines properties that can be used as global- and tile-
							properties. This is like a pool to that any arbitrary tile
							property or global property has access to and can reference
							the property definitions by their ID.
	=====================================================================================
	globalProperties		Global properties are properties that affect every tile in
							the tileset. These are applied to every tile in the tileset
							automatically.
	=====================================================================================
	tiles					The list of tile definitions. Every tile has a unique ID
							which is the number of the tile rectangle on the used tileset
							image. Any tile can have a set of properties whose ID refers
							to the property definition (see propertyDefinitions) which
							it reflects. Animated tiles have an additional frameCount
							atribute which determines how many frames the animation
							uses.
	=====================================================================================
-->
<tilesets>
	
	<tileset
		id="hnTileSet"
		transparent="false"
		backgroundColor="0xFF00FF"
		tileImageID="tileSet3Image"
		tileImageGridWidth="16"
		tileImageGridHeight="16">
		<meta>
			<notes><![CDATA[]]></notes>
			<author><![CDATA[]]></author>
			<tags><![CDATA[]]></tags>
		</meta>
		<!-- Property Definitions ========================================================= -->
		<propertyDefinitions>
			<property id="0" name="name" defaultValue=""/>
			<property id="1" name="isSolid" defaultValue="false"/>
		</propertyDefinitions>
		<!-- Global Properties ============================================================ -->
		<globalProperties>
			<property id="0" value="Hard Nova Tileset"/>
		</globalProperties>
		<!-- Tile Definitions ============================================================= -->
		<tileDefinitions>
			<tile nr="0"/>
			<tile nr="1"/>
			<tile nr="2"/>
			<tile nr="3"/>
			<tile nr="4"/>
			<tile nr="5"/>
			<tile nr="6"/>
			<tile nr="7"/>
			<tile nr="8"/>
			<tile nr="9"/>
			<tile nr="10"/>
			<tile nr="11"/>
			<tile nr="12"/>
			<tile nr="13"/>
			<tile nr="14"/>
			<tile nr="15"/>
			<tile nr="16"/>
			<tile nr="17"/>
			<tile nr="18"/>
			<tile nr="19"/>
			<tile nr="20"/>
			<tile nr="21"/>
			<tile nr="22"/>
			<tile nr="23"/>
			<tile nr="24"/>
			<tile nr="25"/>
			<tile nr="26"/>
			<tile nr="27"/>
			<tile nr="28"/>
			<tile nr="29"/>
			<tile nr="30"/>
			<tile nr="31"/>
			<tile nr="32"/>
			<tile nr="33"/>
			<tile nr="34"/>
			<tile nr="35"/>
			<tile nr="36"/>
			<tile nr="37"/>
			<tile nr="38"/>
			<tile nr="39"/>
			<tile nr="40"/>
			<tile nr="41"/>
			<tile nr="42"/>
			<tile nr="43"/>
			<tile nr="44"/>
			<tile nr="45"/>
			<tile nr="46"/>
			<tile nr="47"/>
			<tile nr="48"/>
			<tile nr="49"/>
			<tile nr="50"/>
			<tile nr="51"/>
			<tile nr="52"/>
			<tile nr="53"/>
			<tile nr="54"/>
			<tile nr="55"/>
			<tile nr="56"/>
			<tile nr="57"/>
		</tileDefinitions>
		<!-- Groups Definitions =========================================================== -->
		<groupDefinitions>
		</groupDefinitions>
	</tileset>
	
</tilesets>
