<?xml version="1.0" encoding="UTF-8"?>
<stats>
	<abilities>
		
		<ability
			id="abilityTaunt"
			nameID="abilityTauntName"
			descriptionID="abilityTauntDescription">
		</ability>
		
		<ability
			id="abilityKDRecovery"
			nameID="abilityKDRecoveryName"
			descriptionID="abilityKDRecoveryDescription">
		</ability>
		
		<ability
			id="abilityCenterOfBeing"
			nameID="abilityCenterOfBeingName"
			descriptionID="abilityCenterOfBeingDescription">
		</ability>
		
		
		
		<ability
			id="abilityConfusionShot"
			nameID="abilityConfusionShotName"
			descriptionID="abilityConfusionShotDescription"
			actionCost=""
			coolDownDuration="">
			<meta>
				<notes><![CDATA[]]></notes>
				<author><![CDATA[]]></author>
				<tags><![CDATA[]]></tags>
			</meta>
			<requirements
				equippedItemTypeIDs="rangedWeapon"
				equippedItemIDs=""
				posture=""/>
			<effects>
				<effect id="effectConfusionShot"/>
			</effects>
		</ability>
		
		
		<ability
			id="abilityAim"
			nameID="abilityAimName"
			descriptionID="abilityAimDescription"
			actionCost="10"
			coolDownDuration="2000">
			<meta>
				<notes><![CDATA[]]></notes>
				<author><![CDATA[]]></author>
				<tags><![CDATA[]]></tags>
			</meta>
			<requirements
				equippedItemTypeIDs="rangedWeapon"
				equippedItemIDs=""
				posture=""/>
			<effects>
				<effect id="effectAim"/>
			</effects>
		</ability>
		
		<ability
			id="abilityTorsoShot"
			nameID="abilityTorsoShotName"
			descriptionID="abilityTorsoShotDescription"
			actionCost="60"
			coolDownDuration="6000">
			<meta>
				<notes><![CDATA[]]></notes>
				<author><![CDATA[]]></author>
				<tags><![CDATA[]]></tags>
			</meta>
			<requirements
				equippedItemTypeIDs="rangedWeapon"
				equippedItemIDs=""
				posture=""/>
			<effects>
				<effect id="effectTorsoShot"/>
			</effects>
		</ability>
		
		<ability
			id="abilityEndorphineInjection"
			nameID="abilityEndorphineInjectionName"
			descriptionID="abilityEndorphineInjectionDescription"
			actionCost="20"
			coolDownDuration="1000">
			<meta>
				<notes><![CDATA[]]></notes>
				<author><![CDATA[]]></author>
				<tags><![CDATA[]]></tags>
			</meta>
			<requirements
				equippedItemTypeIDs=""
				equippedItemIDs=""
				posture=""/>
			<effects>
				<effect id="effectBuffEndorphineInjection"/>
			</effects>
		</ability>
		
	</abilities>
</stats>
