<?xml version="1.0" encoding="UTF-8"?>
<stats>
	<professions>
		
		<profession id="profBrawler" nameID="profBrawlerName" descriptionID="profBrawlerDescription">
			<meta>
				<notes><![CDATA[]]></notes>
				<author><![CDATA[]]></author>
				<tags><![CDATA[]]></tags>
			</meta>
			
			<skillTree>
				<baseTier
					requiredXP="0"
					skillPointCost="15"
					name1ID="profBrawlerBaseTierName1"
					name2ID="profBrawlerBaseTierName2"
					descriptionID="profBrawlerBaseTierDescription"
					grantedCharacterTitleID="profBrawlerBaseTierGrantedTitle"
					grantedAbilityIDs="abilityTaunt, abilityKDRecovery"
					grantedItemIDs="">
					<attributeMods>
						<mod affectedStatID="" value=""/>
					</attributeMods>
					<skillMods>
						<mod affectedStatID="skillMeleeAccuracy" value="10"/>
						<mod affectedStatID="skillMeleeSpeed" value="5"/>
						<mod affectedStatID="skillMeleeDefense" value="10"/>
						<mod affectedStatID="skillMeleeDamage" value="30"/>
					</skillMods>
				</baseTier>
				
				<masterTier>
				</masterTier>
				
				<branches>
					<branch1>
						<tier1
							requiredXP="1000"
							skillPointCost="2"
							name1ID="profBrawlerTier1Name1"
							name2ID="profBrawlerTier1Name2"
							descriptionID="profBrawlerTier1Description"
							grantedCharacterTitleID=""
							grantedAbilityIDs="abilityCenterOfBeing"
							grantedItemIDs="">
							<attributeMods>
								<mod affectedStatID="" value=""/>
							</attributeMods>
							<skillMods>
								<mod affectedStatID="skillMeleeAccuracy" value="15"/>
								<mod affectedStatID="skillMeleeSpeed" value="5"/>
								<mod affectedStatID="skillMeleeDefense" value="10"/>
								<mod affectedStatID="skillMeleeDamage" value="10"/>
							</skillMods>
						</tier1>
						<tier2></tier2>
						<tier3></tier3>
						<tier4></tier4>
					</branch1>
					<branch2>
						<tier1></tier1>
						<tier2></tier2>
						<tier3></tier3>
						<tier4></tier4>
					</branch2>
					<branch3>
						<tier1></tier1>
						<tier2></tier2>
						<tier3></tier3>
						<tier4></tier4>
					</branch3>
					<branch4>
						<tier1></tier1>
						<tier2></tier2>
						<tier3></tier3>
						<tier4></tier4>
					</branch4>
				</branches>
			</skillTree>
			
			<prerequisites>
				<prerequisite
					level=""
					characterClassID=""
					skillID=""
					skillValue=""
					abilityID=""
					factionID=""
					factionRank=""
					raceID="">
					<attributes>
						<attribute id="" value=""/>
						<attribute id="" value=""/>
					</attributes>
				</prerequisite>
			</prerequisites>
			
			<flags playable="true"/>
			
		</profession>
		
	</professions>
</stats>
