<?xml version="1.0" encoding="UTF-8"?>
<stats>
	<races>
		
		<race id="" nameID="" descriptionID="">
			
			<!--
			=======================================================================================
			BASE TRAITS
			=======================================================================================
			-->
			<traits
				averageHeightMale=""
				averageWeightMale=""
				averageHeightFemale=""
				averageWeightFemale="">
				<advantages>
					<advantage id=""/>
					<advantage id=""/>
				</advantages>
				<disadvantages>
					<disadvantage id=""/>
					<disadvantage id=""/>
				</disadvantages>
			</traits>
			
			<!--
			=======================================================================================
			BASE STATS
			=======================================================================================
			-->
			<stats>
				<attributes>
					<attribute id="attributeStr" valueMale="" valueFemale=""/>
					<attribute id="attributeCon" valueMale="" valueFemale=""/>
					<attribute id="attributeAgi" valueMale="" valueFemale=""/>
					<attribute id="attributePre" valueMale="" valueFemale=""/>
					<attribute id="attributeInt" valueMale="" valueFemale=""/>
					<attribute id="attributeWis" valueMale="" valueFemale=""/>
					<attribute id="attributeCha" valueMale="" valueFemale=""/>
					<attribute id="attributeLuc" valueMale="" valueFemale=""/>
				</attributes>
				<skills>
					<bonus skillID="" value=""/>
					<bonus skillID="" value=""/>
				</skills>
			</stats>
			
			<!--
			=======================================================================================
			DISPOSITIONS
			
			disposition.targetID	The ID of the target entity that the race has a disposition for.
									The target can be either a faction, a race or another actor.
			disposition.modifier	The modifier value for the disposition, a value from -100 (least
									liked) to 100 (most liked).
			=======================================================================================
			-->
			<dispositions>
					<disposition targetID="" modifier=""/>
					<disposition targetID="" modifier=""/>
			</dispositions>
			
			<!--
			=======================================================================================
			BASE APPEARANCE
			=======================================================================================
			-->
			<appearance>
			</appearance>
			
		<!--
		=======================================================================================
		FLAGS
		=======================================================================================
		-->
		<flags
			playable="true"/>
		
		</race>
		
	</races>
</stats>
