<?xml version="1.0" encoding="UTF-8"?>
<resources>
	
	<header version="1.0" entries=""/>
	
	<!-- ************************************************************************************** -->
	<packageFiles>
		<file id="resourcePackage" path="resources.pak"/>
	</packageFiles>
	
	<!-- ************************************************************************************** -->
	<dataFiles>
		<file id="settingsFile" path="data/settings.xml" packageID="resourcePackage"/>
		<file id="tileSet1File" path="data/tilesets/tilesets1.xml" packageID="resourcePackage"/>
		<file id="tileSet2File" path="data/tilesets/tilesets2.xml" packageID="resourcePackage"/>
		<file id="fontTileSetFile" path="data/tilesets/font_tilesets.xml" packageID="resourcePackage"/>
		<file id="tileMap1File" path="data/tilemaps/tilemaps1.xml" packageID="resourcePackage"/>
	</dataFiles>
	
	<!-- ************************************************************************************** -->
	<media>
		<image>
			<transparent>
			</transparent>
			<opaque>
				<resource id="tileSet1Image" path="images/tilesets/tileset_test.png" packageID="resourcePackage"/>
				<resource id="tileSet2Image" path="images/tilesets/tileset_boulderdash.png" packageID="resourcePackage"/>
				<resource id="tileSet3Image" path="images/tilesets/tileset_hardnova.png" packageID="resourcePackage"/>
				<resource id="fontDina08x16Image" path="images/fonts/font_dina_08x16.png" packageID="resourcePackage"/>
				
				<resource id="background001" path="images/backgrounds/background001.jpg" packageID="resourcePackage"/>
				<resource id="background002" path="images/backgrounds/background002.jpg" packageID="resourcePackage"/>
				
				<resource id="textureGroundMetal001d" path="images/textures/texture_ground_metal_001_d.jpg" packageID="resourcePackage"/>
				<resource id="textureGroundMetal001n" path="images/textures/texture_ground_metal_001_n.jpg" packageID="resourcePackage"/>
				<resource id="textureGroundMetal002d" path="images/textures/texture_ground_metal_002_d.jpg" packageID="resourcePackage"/>
				<resource id="textureGroundMetal002n" path="images/textures/texture_ground_metal_002_n.jpg" packageID="resourcePackage"/>
				<resource id="textureGroundTiles001d" path="images/textures/texture_ground_tiles_001_d.jpg" packageID="resourcePackage"/>
				<resource id="textureGroundTiles001n" path="images/textures/texture_ground_tiles_001_n.jpg" packageID="resourcePackage"/>
				<resource id="textureGroundTiles002d" path="images/textures/texture_ground_tiles_002_d.jpg" packageID="resourcePackage"/>
				<resource id="textureGroundTiles002n" path="images/textures/texture_ground_tiles_002_n.jpg" packageID="resourcePackage"/>
				<resource id="textureWallMetal001d" path="images/textures/texture_wall_metal_001_d.jpg" packageID="resourcePackage"/>
				<resource id="textureWallMetal001n" path="images/textures/texture_wall_metal_001_n.jpg" packageID="resourcePackage"/>
				<resource id="textureWallMetal002d" path="images/textures/texture_wall_metal_002_d.jpg" packageID="resourcePackage"/>
				<resource id="textureWallMetal002n" path="images/textures/texture_wall_metal_002_n.jpg" packageID="resourcePackage"/>
				<resource id="textureWallBrick001d" path="images/textures/texture_wall_brick_001_d.jpg" packageID="resourcePackage"/>
				<resource id="textureWallBrick001n" path="images/textures/texture_wall_brick_001_n.jpg" packageID="resourcePackage"/>
				<resource id="textureWallPattern001d" path="images/textures/texture_wall_pattern_001_d.jpg" packageID="resourcePackage"/>
				<resource id="textureWallPattern001n" path="images/textures/texture_wall_pattern_001_n.jpg" packageID="resourcePackage"/>
				
			</opaque>
		</image>
		
		<swf>
			<resource id="testSWF" path="swf/test.swf" packageID="resourcePackage"/>
			<resource id="testParticleSWF" path="swf/particle.swf" packageID="resourcePackage"/>
		</swf>
		
		<shader>
			<resource id="shaderScanlines" path="shaders/scanlines.pbj" packageID="resourcePackage"/>
		</shader>
		
		<audio>
			<stream>
				<resource id="audioLogoTetragon" path="audio/ui/tetragon_logo.mp3" packageID="resourcePackage"/>
			</stream>
			<module>
			</module>
		</audio>
		
		<binary>
			<resource id="testMesh" path="geometry/testmesh.obj" packageID="resourcePackage"/>
		</binary>
	</media>
	
	<!-- ************************************************************************************** -->
	<entities>
	</entities>
	
	<!-- ************************************************************************************** -->
	<lists>
	</lists>
	
	<!-- ************************************************************************************** -->
	<data>
		
		<group type="Settings" fileID="settingsFile">
			<resource id="settings"/>
		</group>
		
		<group type="TileMap" fileID="tileMap1File">
			<resource id="testTileMap"/>
		</group>
		
		<group type="TileSet">
			<resource id="testTileSet" fileID="tileSet1File"/>
			<resource id="bdTileSet" fileID="tileSet1File"/>
			<resource id="hnTileSet" fileID="tileSet2File"/>
			<resource id="tileSetDina08x16" fileID="fontTileSetFile"/>
		</group>
		
	</data>
	
	<!-- ************************************************************************************** -->
	<xml>
		<resource id="testXML" path="data/xml/test.xml" packageID="resourcePackage"/>
	</xml>
	
	<!-- ************************************************************************************** -->
	<text>
		<resource id="testText">
			<locale lang="en" path="text/en/test_text.xml" packageID="resourcePackage"/>
		</resource>
	</text>
	
</resources>
