<?xml version="1.0" encoding="UTF-8"?>
<text>
	<!-- ************************************************************************************** -->
	<!-- ATTRIBUTES -->
	<!-- ************************************************************************************** -->
	<string id="attributeStrName">
		<![CDATA[Strength]]>
	</string>
	<string id="attributeStrNameShort">
		<![CDATA[STR]]>
	</string>
	<string id="attributeStrDescription">
		<![CDATA[Strength measures your muscle, physical power and stamina. This attribute is
		especially important for melee and unarmed combat where it has a direct impact on the
		damage output. It also influences the maximum weight you can carry and the encumbrance
		when wearing Armor. Somebody with high Strength receives less encumbrance penalty when
		wearing Heavy Armor.]]>
	</string>
	<string id="attributeConName">
		<![CDATA[Constitution]]>
	</string>
	<string id="attributeConNameShort">
		<![CDATA[CON]]>
	</string>
	<string id="attributeConDescription">
		<![CDATA[Constitution represents your health. This value adds to your hit points and
		influences the effect of disease. This attribute is useful for any profession but
		especially for combat classes.]]>
	</string>
	<string id="attributeAgiName">
		<![CDATA[Agility]]>
	</string>
	<string id="attributeAgiNameShort">
		<![CDATA[AGI]]>
	</string>
	<string id="attributeAgiDescription">
		<![CDATA[Agility affects your movement and balance ability. A character with high
		agility can move more swiftly and is physically more flexible than others. This
		attribute is especially important for stealth and combat classes. High agility also
		has a positive effect on Armor encumbrance.]]>
	</string>
	<string id="attributePreName">
		<![CDATA[Precision]]>
	</string>
	<string id="attributePreNameShort">
		<![CDATA[PRE]]>
	</string>
	<string id="attributePreDescription">
		<![CDATA[Precision governs how good you can handle tasks and devices that require a
		precise eye and a good hand-eye coordination. This attribute is especially important
		for ranged combat but also useful for Medics, Pilots and technical classes. Precision
		also affects Critical Hit Chance and Strikethrough Value.]]>
	</string>
	<string id="attributeIntName">
		<![CDATA[Intelligence]]>
	</string>
	<string id="attributeIntNameShort">
		<![CDATA[INT]]>
	</string>
	<string id="attributeIntDescription">
		<![CDATA[Intelligence represents one's ability to analyze information and determines
		how well you learn and reason. Intelligence is important for Scouts and for technical
		and medical classes. For Psychics intelligence governs the power of their psychic
		abilities. Intelligence also adds a bonus for learning new skills faster.]]>
	</string>
	<string id="attributeWisName">
		<![CDATA[Wisdom]]>
	</string>
	<string id="attributeWisNameShort">
		<![CDATA[WIS]]>
	</string>
	<string id="attributeWisDescription">
		<![CDATA[Wisdom describes a character's common sense, perception and intuition.
		Compared to Intelligence, Wisdom is more related to being in tune with and aware of
		one's surroundings. High Wisdom means keen senses and is important for Scouts,
		Spies and Psychics. Wisdom also governs the mental resistance against fear, pain
		and insanity.]]>
	</string>
	<string id="attributeChaName">
		<![CDATA[Charisma]]>
	</string>
	<string id="attributeChaNameShort">
		<![CDATA[CHA]]>
	</string>
	<string id="attributeChaDescription">
		<![CDATA[Charisma measures your force of personality, persuasiveness, ability to lead
		and physical attractiveness. It represents actual strength of personality and force of
		presence. Charisma is especially useful for dialogue where it governs Diplomacy, Bluff
		and Intimidation. It also affects haggling prices when trading and is important for
		Squad Leaders to convince the team members.]]>
	</string>
	<string id="attributeLucName">
		<![CDATA[Luck]]>
	</string>
	<string id="attributeLucNameShort">
		<![CDATA[LUC]]>
	</string>
	<string id="attributeLucDescription">
		<![CDATA[This attribute measures your luck. Luck might influence anything but has no
		effect on skills. Luck also affects Critical Hit Chance and Gambling.]]>
	</string>
	
	<!-- ************************************************************************************** -->
	<!-- ABILITIES  -->
	<!-- ************************************************************************************** -->
	<string id="abilityTauntName">
		<![CDATA[Taunt]]>
	</string>
	<string id="abilityTauntDescription">
		<![CDATA[Increases the aggro that a mob in combat has towards you. This ability
		is useful to get mobs to attack you instead of other party members.]]>
	</string>
	<string id="abilityKDRecoveryName">
		<![CDATA[Knockdown Recovery]]>
	</string>
	<string id="abilityKDRecoveryDescription">
		<![CDATA[This ability allows you to recover immediately from being knocked down
		if you have enough ability points.]]>
	</string>
	<string id="abilityCenterOfBeingName">
		<![CDATA[Center Of Being]]>
	</string>
	<string id="abilityCenterOfBeingDescription">
		<![CDATA[This ability will cause your character to focus on avoiding combat blows.
		This will only apply when you are wielding a melee weapon.]]>
	</string>
	<string id="abilityAimName">
		<![CDATA[Aim]]>
	</string>
	<string id="abilityAimDescription">
		<![CDATA[This ability allows you to give up an attack round in order to gain better
		accuracy on your next ranged attack.]]>
	</string>
	<string id="abilityConfusionShotName">
		<![CDATA[Confusion Shot]]>
	</string>
	<string id="abilityConfusionShotDescription">
		<![CDATA[This ranged attack is designed to confuse its target, and can stun and
		dizzy its target as well.]]>
	</string>
	<string id="abilityTorsoShotName">
		<![CDATA[Torso Shot]]>
	</string>
	<string id="abilityTorsoShotDescription">
		<![CDATA[This ranged attack to an opponents torso has a chance of hitting vital
		areas causing additional bleeding damage.]]>
	</string>
	<string id="abilityEndorphineInjectionName">
		<![CDATA[Endorphine Injection]]>
	</string>
	<string id="abilityEndorphineInjectionDescription">
		<![CDATA[This medical enhancement ability allows the temporary enhancement of the
		Action pool.]]>
	</string>
	
	<!-- ************************************************************************************** -->
	<!-- SKILLS -->
	<!-- ************************************************************************************** -->
	<string id="skillMeleeDefenseName">
		<![CDATA[Melee Defense]]>
	</string>
	<string id="skillMeleeDefenseDescription">
		<![CDATA[This skill improves your defense against melee and unarmed attacks.]]>
	</string>
	
	<string id="skillMeleeSpeedName">
		<![CDATA[Melee Speed]]>
	</string>
	<string id="skillMeleeSpeedDescription">
		<![CDATA[This skill will improve your speed with all melee weapons or unarmed.]]>
	</string>
	
	<string id="skillMeleeAccuracyName">
		<![CDATA[Melee Accuracy]]>
	</string>
	<string id="skillMeleeAccuracyDescription">
		<![CDATA[This skill will improve your accuracy with all melee weapons and while unarmed.]]>
	</string>
	
	<string id="skillMeleeDamageName">
		<![CDATA[Melee Damage]]>
	</string>
	<string id="skillMeleeDamageDescription">
		<![CDATA[This skill improves your damage when fighting with a melee weapon or unarmed.]]>
	</string>
	
	<!-- ************************************************************************************** -->
	<!-- PROFESSIONS -->
	<!-- ************************************************************************************** -->
	<string id="profBrawlerName">
		<![CDATA[Brawler]]>
	</string>
	<string id="profBrawlerDescription">
		<![CDATA[The basic melee profession, proficient in hand to hand combat and with a
		number of simple weapons. Other melee professions, that is skills dealing with
		close ranged weapons, spawn from these disciplines.]]>
	</string>
	<string id="profBrawlerBaseTierName1">
		<![CDATA[Novice Brawler]]>
	</string>
	<string id="profBrawlerBaseTierName2">
		<![CDATA[]]>
	</string>
	<string id="profBrawlerBaseTierDescription">
		<![CDATA[The Novice Brawler possesses a slightly better than rudimentary knowledge
		of the use of melee weapons.]]>
	</string>
	<string id="profBrawlerBaseTierGrantedTitle">
		<![CDATA[Novice Brawler]]>
	</string>
	<string id="profBrawlerTier1Name1">
		<![CDATA[Unarmed I]]>
	</string>
	<string id="profBrawlerTier1Name2">
		<![CDATA[Street Fighting]]>
	</string>
	<string id="profBrawlerTier1Description">
		<![CDATA[Trains the Brawler in simple unarmed combat techniques.]]>
	</string>
	
</text>
