<?xml version="1.0" encoding="UTF-8"?>
<text>
	<string id="introScreenTitle">
		<![CDATA["Friday the 13th"]]>
	</string>
	<string id="introScreenText1">
		<![CDATA[You and nine friends are spending the summer holidays at Crystal Lake Holiday
		Camp, miles away from civilisation, unaware that Jason Voorhees has a filthy grotto
		close to the camp. At midnight on the first day, while unpacking, you notice a
		bloodstained mask and with horror, you realise that]]>
	</string>
	<string id="introScreenText2">
		<![CDATA[Jason is waiting ...]]>
	</string>
	<string id="introScreenText3">
		<![CDATA[Terrified, you must protect your friends from the marauding Jason and finally
		dispose of him .....]]>
	</string>
	<string id="introScreenText4">
		<![CDATA[Before he disposes of you!]]>
	</string>
	
	<string id="menuScreenTitle">
		<![CDATA[Friday the 13th]]>
	</string>
	<string id="menuScreenPrompt">
		<![CDATA[Can you find and kill Jason before he can kill you?]]>
	</string>
	<string id="menuScreenButtonStart">
		<![CDATA[Start]]>
	</string>
	<string id="menuScreenButtonOptions">
		<![CDATA[Options]]>
	</string>
	<string id="menuScreenButtonExit">
		<![CDATA[Exit]]>
	</string>
</text>
