<?xml version="1.0" encoding="UTF-8"?>
<resources>
	
	<header version="1.0" entries=""/>
	
	<!-- ************************************************************************************** -->
	<packageFiles>
		<file id="resourcePackage" path="resources.pak"/>
	</packageFiles>
	
	<!-- ************************************************************************************** -->
	<dataFiles>
		<file id="settingsFile" path="data/settings.xml" packageID="resourcePackage"/>
	</dataFiles>
	
	<!-- ************************************************************************************** -->
	<media>
		<image>
			<transparent>
			</transparent>
			<opaque>
			</opaque>
		</image>
		
		<swf>
		</swf>
		
		<shader>
		</shader>
		
		<audio>
			<stream>
				<resource id="audioLogoTetragon" path="audio/ui/tetragon_logo.mp3" packageID="resourcePackage"/>
			</stream>
			<module>
			</module>
		</audio>
		
		<binary>
		</binary>
	</media>
	
	<!-- ************************************************************************************** -->
	<entities>
	</entities>
	
	<!-- ************************************************************************************** -->
	<lists>
	</lists>
	
	<!-- ************************************************************************************** -->
	<data>
		
		<group type="Settings" fileID="settingsFile">
			<resource id="settings"/>
		</group>
		
	</data>
	
	<!-- ************************************************************************************** -->
	<xml>
	</xml>
	
	<!-- ************************************************************************************** -->
	<text>
	</text>
	
</resources>
