<?xml version="1.0" encoding="UTF-8"?>
<movementTypes>
	
	<!-- INFANTRY ========================================================================= -->
	<movementType id="movementTypeInfantry" nameID="nameMovementTypeInfantry">
		<terrainModifiers>
			<terrain id="terrainGrassland"		mod="0"/>
			<terrain id="terrainPlains"			mod="0"/>
			<terrain id="terrainTundra"			mod="0"/>
			<terrain id="terrainDesert"			mod="0"/>
			<terrain id="terrainHills"			mod="0"/>
			<terrain id="terrainMountains"		mod="-3"/>
			<terrain id="terrainSnow"			mod="-1"/>
			<terrain id="terrainIce"			mod="-1"/>
			<terrain id="terrainForest"			mod="-1"/>
			<terrain id="terrainJungle"			mod="-1"/>
			<terrain id="terrainMarsh"			mod="-1"/>
			<terrain id="terrainSwamp"			mod="-2"/>
			<terrain id="terrainUrban"			mod="0"/>
			<terrain id="terrainRuins"			mod="0"/>
			<terrain id="terrainRoad"			mod="0"/>
			<terrain id="terrainBridge"			mod="0"/>
		</terrainModifiers>
		<weatherModifiers>
			<weather id="weatherFair"			mod="0"/>
			<weather id="weatherOvercast"		mod="0"/>
			<weather id="weatherRain"			mod="0"/>
			<weather id="weatherHeavyRain"		mod="-1"/>
			<weather id="weatherHail"			mod="-1"/>
			<weather id="weatherSnow"			mod="0"/>
			<weather id="weatherBlizzard"		mod="-3"/>
			<weather id="weatherFog"			mod="0"/>
			<weather id="weatherThunderstorm"	mod="0"/>
			<weather id="weatherSandstorm"		mod="-3"/>
			<weather id="weatherHeatWave"		mod="0"/>
			<weather id="weatherFallout"		mod="-3"/>
		</weatherModifiers>
	</movementType>
	
	<!-- TIRES ============================================================================ -->
	<movementType id="movementTypeTires" nameID="nameMovementTypeTires">
		<terrainModifiers>
			<terrain id="terrainGrassland"		mod="0"/>
			<terrain id="terrainPlains"			mod="0"/>
			<terrain id="terrainTundra"			mod="0"/>
			<terrain id="terrainDesert"			mod="0"/>
			<terrain id="terrainHills"			mod="-1"/>
			<terrain id="terrainMountains"		mod="-10"/>
			<terrain id="terrainSnow"			mod="0"/>
			<terrain id="terrainIce"			mod="-2"/>
			<terrain id="terrainForest"			mod="-2"/>
			<terrain id="terrainJungle"			mod="-3"/>
			<terrain id="terrainMarsh"			mod="-2"/>
			<terrain id="terrainSwamp"			mod="-3"/>
			<terrain id="terrainUrban"			mod="1"/>
			<terrain id="terrainRuins"			mod="-1"/>
			<terrain id="terrainRoad"			mod="2"/>
			<terrain id="terrainBridge"			mod="2"/>
		</terrainModifiers>
		<weatherModifiers>
			<weather id="weatherFair"			mod="0"/>
			<weather id="weatherOvercast"		mod="0"/>
			<weather id="weatherRain"			mod="0"/>
			<weather id="weatherHeavyRain"		mod="0"/>
			<weather id="weatherHail"			mod="0"/>
			<weather id="weatherSnow"			mod="-1"/>
			<weather id="weatherBlizzard"		mod="-2"/>
			<weather id="weatherFog"			mod="0"/>
			<weather id="weatherThunderstorm"	mod="0"/>
			<weather id="weatherSandstorm"		mod="-2"/>
			<weather id="weatherHeatWave"		mod="0"/>
			<weather id="weatherFallout"		mod="-2"/>
		</weatherModifiers>
	</movementType>
	
	<!-- TREAD ============================================================================ -->
	<movementType id="movementTypeTread" nameID="nameMovementTypeTread">
		<terrainModifiers>
			<terrain id="terrainGrassland"		mod="1"/>
			<terrain id="terrainPlains"			mod="1"/>
			<terrain id="terrainTundra"			mod="1"/>
			<terrain id="terrainDesert"			mod="0"/>
			<terrain id="terrainHills"			mod="0"/>
			<terrain id="terrainMountains"		mod="-8"/>
			<terrain id="terrainSnow"			mod="0"/>
			<terrain id="terrainIce"			mod="0"/>
			<terrain id="terrainForest"			mod="-1"/>
			<terrain id="terrainJungle"			mod="-2"/>
			<terrain id="terrainMarsh"			mod="-1"/>
			<terrain id="terrainSwamp"			mod="-2"/>
			<terrain id="terrainUrban"			mod="1"/>
			<terrain id="terrainRuins"			mod="0"/>
			<terrain id="terrainRoad"			mod="2"/>
			<terrain id="terrainBridge"			mod="2"/>
		</terrainModifiers>
		<weatherModifiers>
			<weather id="weatherFair"			mod="0"/>
			<weather id="weatherOvercast"		mod="0"/>
			<weather id="weatherRain"			mod="0"/>
			<weather id="weatherHeavyRain"		mod="0"/>
			<weather id="weatherHail"			mod="0"/>
			<weather id="weatherSnow"			mod="0"/>
			<weather id="weatherBlizzard"		mod="0"/>
			<weather id="weatherFog"			mod="0"/>
			<weather id="weatherThunderstorm"	mod="0"/>
			<weather id="weatherSandstorm"		mod="0"/>
			<weather id="weatherHeatWave"		mod="0"/>
			<weather id="weatherFallout"		mod="-1"/>
		</weatherModifiers>
	</movementType>
	
	<!-- SEA ============================================================================== -->
	<movementType id="movementTypeSea" nameID="nameMovementTypeSea">
		<terrainModifiers>
			<terrain id="terrainBridge"			mod="0"/>
			<terrain id="terrainCoast"			mod="0"/>
			<terrain id="terrainSeaShallow"		mod="0"/>
			<terrain id="terrainSeaDeep"		mod="0"/>
			<terrain id="terrainRoughSea"		mod="-1"/>
			<terrain id="terrainReef"			mod="0"/>
		</terrainModifiers>
		<weatherModifiers>
			<weather id="weatherFair"			mod="0"/>
			<weather id="weatherOvercast"		mod="0"/>
			<weather id="weatherRain"			mod="0"/>
			<weather id="weatherHeavyRain"		mod="0"/>
			<weather id="weatherHail"			mod="0"/>
			<weather id="weatherSnow"			mod="0"/>
			<weather id="weatherBlizzard"		mod="-1"/>
			<weather id="weatherFog"			mod="0"/>
			<weather id="weatherThunderstorm"	mod="0"/>
			<weather id="weatherSandstorm"		mod="0"/>
			<weather id="weatherHeatWave"		mod="0"/>
			<weather id="weatherFallout"		mod="-1"/>
		</weatherModifiers>
	</movementType>
	
	<!-- HOVER ============================================================================ -->
	<movementType id="movementTypeHover" nameID="nameMovementTypeHover">
		<terrainModifiers>
			<terrain id="terrainGrassland"		mod="0"/>
			<terrain id="terrainPlains"			mod="0"/>
			<terrain id="terrainTundra"			mod="0"/>
			<terrain id="terrainDesert"			mod="0"/>
			<terrain id="terrainHills"			mod="-1"/>
			<terrain id="terrainMountains"		mod="-10"/>
			<terrain id="terrainSnow"			mod="0"/>
			<terrain id="terrainIce"			mod="0"/>
			<terrain id="terrainForest"			mod="-2"/>
			<terrain id="terrainJungle"			mod="-3"/>
			<terrain id="terrainMarsh"			mod="1"/>
			<terrain id="terrainSwamp"			mod="1"/>
			<terrain id="terrainUrban"			mod="0"/>
			<terrain id="terrainRuins"			mod="-1"/>
			<terrain id="terrainRoad"			mod="0"/>
			<terrain id="terrainBridge"			mod="0"/>
			<terrain id="terrainCoast"			mod="0"/>
			<terrain id="terrainSeaShallow"		mod="0"/>
			<terrain id="terrainSeaDeep"		mod="0"/>
			<terrain id="terrainRoughSea"		mod="-1"/>
			<terrain id="terrainReef"			mod="0"/>
		</terrainModifiers>
		<weatherModifiers>
			<weather id="weatherFair"			mod="0"/>
			<weather id="weatherOvercast"		mod="0"/>
			<weather id="weatherRain"			mod="0"/>
			<weather id="weatherHeavyRain"		mod="0"/>
			<weather id="weatherHail"			mod="0"/>
			<weather id="weatherSnow"			mod="0"/>
			<weather id="weatherBlizzard"		mod="-1"/>
			<weather id="weatherFog"			mod="0"/>
			<weather id="weatherThunderstorm"	mod="0"/>
			<weather id="weatherSandstorm"		mod="-2"/>
			<weather id="weatherHeatWave"		mod="0"/>
			<weather id="weatherFallout"		mod="-2"/>
		</weatherModifiers>
	</movementType>
	
	<!-- AIR ============================================================================== -->
	<movementType id="movementTypeAir" nameID="nameMovementTypeAir">
		<terrainModifiers>
			<terrain id="terrainGrassland"		mod="0"/>
			<terrain id="terrainPlains"			mod="0"/>
			<terrain id="terrainTundra"			mod="0"/>
			<terrain id="terrainDesert"			mod="0"/>
			<terrain id="terrainHills"			mod="0"/>
			<terrain id="terrainMountains"		mod="0"/>
			<terrain id="terrainSnow"			mod="0"/>
			<terrain id="terrainIce"			mod="0"/>
			<terrain id="terrainForest"			mod="0"/>
			<terrain id="terrainJungle"			mod="0"/>
			<terrain id="terrainMarsh"			mod="0"/>
			<terrain id="terrainSwamp"			mod="0"/>
			<terrain id="terrainUrban"			mod="0"/>
			<terrain id="terrainRuins"			mod="0"/>
			<terrain id="terrainRoad"			mod="0"/>
			<terrain id="terrainBridge"			mod="0"/>
			<terrain id="terrainCoast"			mod="0"/>
			<terrain id="terrainSeaShallow"		mod="0"/>
			<terrain id="terrainSeaDeep"		mod="0"/>
			<terrain id="terrainRoughSea"		mod="0"/>
			<terrain id="terrainReef"			mod="0"/>
		</terrainModifiers>
		<weatherModifiers>
			<weather id="weatherFair"			mod="0"/>
			<weather id="weatherOvercast"		mod="0"/>
			<weather id="weatherRain"			mod="0"/>
			<weather id="weatherHeavyRain"		mod="-1"/>
			<weather id="weatherHail"			mod="-1"/>
			<weather id="weatherSnow"			mod="-1"/>
			<weather id="weatherBlizzard"		mod="-2"/>
			<weather id="weatherFog"			mod="0"/>
			<weather id="weatherThunderstorm"	mod="-1"/>
			<weather id="weatherSandstorm"		mod="-1"/>
			<weather id="weatherHeatWave"		mod="0"/>
			<weather id="weatherFallout"		mod="-1"/>
		</weatherModifiers>
	</movementType>
	
</movementTypes>
