<?xml version="1.0" encoding="UTF-8"?>
<units>
	
	<item id="unitInfantry">
		<components>
			
			<component classID="tbsUnitPropertiesComponent">
				<nameID></nameID>
				<nameShortID></nameShortID>
				<designationID>nameInfantryUnit</designationID>
				<designationShortID>nameShortInfantryUnit</designationShortID>
				<descriptionID>descInfantryUnit</descriptionID>
				<movementTypeID>movementTypeInfantry</movementTypeID>
				<price>1000</price>
			</component>
			
			<component classID="TBSUnitStats">
				<movementPoints>2</movementPoints>
				<mobility>3</mobility>
				<vision>2</vision>
				<strength>6</strength>
				<fuel>-1</fuel>
				<xp>0</xp>
				<xpValueAttack>3</xpValueAttack>
				<xpValueDefense>3</xpValueDefense>
			</component>
			
			<component classID="TBSUnitWeapons">
				<primaryWeaponID></primaryWeaponID>
				<secondaryWeaponID>weaponMachineGun</secondaryWeaponID>
			</component>
			
			<component classID="TBSUnitArmor">
				<armorID>armorInfantry</armorID>
			</component>
			
			<component classID="TBSUnitAbilities">
			</component>
			
			<component classID="TBSUnitAI">
				<combatAI>aiInfantry</combatAI>
			</component>
			
			<component classID="TBSPrerequisites">
				<technologyID>testTechnology</technologyID>
				<resourceID>testResource</resourceID>
			</component>
			
			<component classID="TBSUnitFlags">
				<canCaptureUnits>true</canCaptureUnits>
				<canCaptureFacilities>true</canCaptureFacilities>
				<canPillage>true</canPillage>
				<canFortify>true</canFortify>
				<canRebase>false</canRebase>
			</component>
			
			<component classID="TBSUnitArt">
			</component>
			
		</components>
	</item>
	
</units>
